YER176W	-8.36462824832
YHR163W	-5.68993766069
YMR109W	-5.60861514624
YNL132W	-5.58931477282
YHR196W	-5.11276806756
YCL029C	-4.18941310136
YDR165W	-4.17789719576
YOR326W	-3.94697105494
YMR161W	-3.87261674464
YKL122C	-3.8634692138
YER172C	-3.77240305414
YPL093W	-3.71199418737
YEL071W	-3.6468994422
YKL216W	-3.5851570921
YOR336W	-3.57067262731
YNL110C	-3.55006559078
YDR390C	-3.48815795036
YLR410W	-3.48142333492
YGR187C	-3.41321040265
YGR130C	-3.35738924748
YHR008C	-3.26367582304
R0040C	-3.22049295468
YGL014W	-3.21774886487
YML058W	-3.2114331587
YOL087C	-3.17865997863
YMR049C	-3.02183177346
YIR034C	-2.94596624601
YDR354W	-2.94290930749
YNR021W	-2.93933627082
YOR057W	-2.9169081809
YDR477W	-2.90893797683
YEL040W	-2.88630125601
YDL121C	-2.88212052621
YJR125C	-2.66824185644
YJR148W	-2.64042153153
YGL043W	-2.60833973088
YJL110C	-2.53522822318
YBR212W	-2.48332806403
YMR309C	-2.42742893079
YOR253W	-2.40890515059
YMR131C	-2.39408253676
YLR328W	-2.38924212656
YDR363W-A	-2.38268105636
YPL032C	-2.37555390482
YMR273C	-2.36947843604
YOR145C	-2.36685015637
YLR009W	-2.34772148523
YOR153W	-2.33482364574
YNL123W	-2.33444445268
YPR133W-A	-2.28198495691
YPR129W	-2.28111453651
YHR066W	-2.2281243478
YMR045C;YMR046C	-2.20884212642
YOR251C	-2.19028706352
YDR322C-A	-2.1861742334
YCL017C	-2.178922356
YIR004W	-2.17803345307
YCL045C	-2.16796574465
YGL099W	-2.15951378577
YJR051W	-2.13110587218
YDR298C	-2.09460362154
YIL118W	-2.06598233391
YPR112C	-2.02500848948
YDR342C;YDR343C	-1.99074461859
YOL103W-B	-1.97539019092
YJL033W	-1.96605221596
YCL057C-A	-1.95498394475
YHR047C	-1.92594428955
YDL153C	-1.91884442088
YGL023C	-1.91637311553
YLL013C	-1.91252510503
YLR022C	-1.90877554736
YOL027C	-1.88595552295
YJL123C	-1.88220066049
YML093W	-1.85446492854
YGR080W	-1.85273796708
YFR001W	-1.842336677
YOL041C	-1.83492556347
YMR194W	-1.82450842664
YKL126W	-1.82081239835
YML022W	-1.7778780723
YML035C	-1.75860056772
YDL081C	-1.75102948622
YLR038C	-1.74698030838
YPL085W	-1.72474601517
YLR324W	-1.72206034011
YBL007C	-1.67330840018
YHR005C-A	-1.65540724868
YLR420W	-1.64778049768
YOR267C	-1.64548421902
YDL148C	-1.63883234679
YPL243W	-1.63876297622
YLR321C	-1.62054158472
YDR101C	-1.60755977242
YOR341W	-1.59953862923
YHR007C	-1.58482750578
YNL216W	-1.58357004921
YGR211W	-1.58172870643
YOR234C	-1.57572266467
YJL186W	-1.57377463133
YOL070C	-1.56703496394
YNR053C;REV__YNL216W	-1.55885177786
YDR299W	-1.54776817131
YER082C	-1.529128
YLR017W	-1.52632050098
YCR054C	-1.51527355141
YDL061C	-1.51140300572
YNL052W;YIL111W	-1.4878870605
YNL175C	-1.4810376135
YDL224C	-1.47994023069
YGR159C	-1.47221959238
YKL009W	-1.46032271284
YDR348C	-1.45148333961
YGR083C	-1.45098592743
YER021W	-1.44517091646
YGL068W	-1.4379381583
YBL085W	-1.4306251433
YDR210C-D	-1.42364785076
YJL200C	-1.39078780445
YDR234W	-1.38536925622
YBR092C	-1.38257859873
YMR229C	-1.37207053456
YCR051W	-1.37133273578
YLR029C;YMR121C	-1.35307659001
YGL187C	-1.34388608204
YER070W;YIL066C	-1.34338258268
YLR276C	-1.33072463099
YLR219W	-1.33013273158
YMR093W	-1.31639723253
YAL016W	-1.3148296234
YIL075C	-1.30803273204
YOR086C	-1.30431372369
YOR283W	-1.30167252464
YDR351W	-1.29040768584
YIL063C	-1.28526600692
YER006W	-1.28311115455
YMR011W	-1.28201886889
YDR033W	-1.27801821388
YKL008C	-1.26634550581
YGL008C;YPL036W	-1.26600208121
YPL184C	-1.25380667937
YGR077C	-1.25139882822
YMR056C	-1.25047359888
YBR026C	-1.24994219626
YDL171C	-1.24121721885
YMR296C	-1.23427696221
YKR018C	-1.23290924926
YNL255C	-1.23000738802
YNL248C	-1.22556710118
YPR072W	-1.22030231266
YDR232W	-1.19181446396
YJL050W	-1.18325947065
YLL045C	-1.17189911689
YGR103W	-1.16497515233
YLL023C	-1.16000447363
YOR109W	-1.15954869717
YOR182C;YLR287C-A	-1.15932922519
YOL040C	-1.15898176177
YFL041W	-1.15650870889
YIL026C	-1.14478883018
YHL007C	-1.14393855658
YML110C	-1.14275239729
YIL038C	-1.14133449166
YLR384C	-1.13489383679
YJR059W	-1.13421966628
YGR128C	-1.13025736162
YDR012W	-1.12800347606
YHR190W	-1.11473391325
YGL049C	-1.11261525547
YKR094C;YIL148W	-1.11214630072
YDL082W	-1.10932558337
YLR244C	-1.10844441476
YPR019W	-1.10286371371
YFR049W	-1.09549651691
YNL271C	-1.09289526765
YML024W;YDR447C	-1.08645991373
YDR068W	-1.08288300873
YLR196W	-1.07455152636
YGR169C-A	-1.06818648649
YJR002W	-1.06383022754
YDR345C	-1.05927232941
YNL168C	-1.05899633613
YDL051W	-1.05730242335
YJR072C	-1.05600571181
YPR187W	-1.05568578773
YBR035C	-1.04862229153
YOL142W	-1.04544522744
YER107C	-1.04029822216
YPL090C;YBR181C	-1.0367224412
YOL111C	-1.02816617762
YOR165W	-1.02420011545
YPL210C	-1.02047879463
YCR093W	-1.01727554939
YHR094C	-1.01639055021
YHR051W	-1.01490959817
YNR050C	-1.00985349542
YDL225W	-1.00882977592
YHR143W-A	-1.00864114877
YOR021C	-1.00447078778
YNL084C	-1.00417525928
YKL172W	-0.999589784019
YEL042W	-0.991416596512
YKL029C	-0.97894973321
YOL145C	-0.978012531148
YMR038C	-0.965228989313
YDR028C	-0.964663807491
YMR198W	-0.961509359894
YNL050C	-0.959465362475
YAL036C	-0.957494325784
YLR089C	-0.940191516648
YGR207C	-0.935274777746
YKR057W	-0.928367153193
YBL024W	-0.925381853412
YGL092W	-0.923577007356
YGR266W	-0.922639622622
YGR009C	-0.917354795663
YMR246W	-0.906137897675
YHR021C	-0.903532858158
YOL030W	-0.900854237741
YBL064C	-0.896177755517
YKR003W	-0.895794388478
YEL020W-A	-0.895531118064
YGL040C	-0.88689742197
YGR229C	-0.885776019597
YBL051C	-0.884056115589
YLR250W	-0.882234553885
YMR146C	-0.879415009884
YNL308C	-0.877822923822
YBL002W	-0.872244523043
YML072C	-0.871677637495
YFL048C	-0.865590869525
YER083C	-0.864694918649
YOL058W	-0.860828542093
YDR189W	-0.860545376441
YIL052C;YER056C-A	-0.858923434234
YDL092W	-0.856395150228
YGR001C	-0.854753952404
YLR185W	-0.854171410716
YJL109C	-0.853840992003
YMR031C	-0.853059966237
YOR096W	-0.848093233187
YBR096W	-0.844687820191
YNL113W	-0.840097902549
YGL031C	-0.839319896059
YER102W;YBL072C	-0.83613817203
YOR270C	-0.828949396955
YGL056C	-0.82795506809
YPR110C	-0.827304399059
YKL192C	-0.822400811669
YBL003C;YDR225W	-0.817881344547
YBR084W	-0.81750534349
YNL045W	-0.81556254672
YER031C	-0.815284983817
YLR388W	-0.811275708007
YPR173C	-0.808245576805
YDR120C	-0.805230877097
YDR500C	-0.801161551557
YLR335W	-0.798688008035
YPR073C	-0.797291690129
YPL237W	-0.793682166664
YGR132C	-0.79341472741
YPR043W;YJR094W-A	-0.793298089712
YJR143C	-0.789885733191
YMR136W	-0.788962886636
YMR125W	-0.787617345098
YOL077C	-0.786481011701
YJR123W	-0.785715032483
YDR064W	-0.780494215487
YOR157C	-0.778744681616
YDR365C	-0.771042193976
YOR375C;YAL062W	-0.771000113044
YDR071C	-0.769261147367
YDR190C	-0.766083107547
YDR150W	-0.764995919029
YGL078C	-0.763150153619
YNL313C	-0.760628805001
YCL011C	-0.75843365371
YIL115C	-0.757903145453
YFR032C-A	-0.757288593999
YBR073W	-0.751332040963
YLL029W	-0.748174671709
YKL180W	-0.745222766198
YNL067W	-0.745083236991
YPR004C	-0.743142295793
YMR202W	-0.741818106656
YNL069C	-0.738248266772
YHL013C	-0.736640907219
YCL037C	-0.736124428614
YLR109W	-0.730713583066
YLR286C	-0.728808576579
YDL229W	-0.728658232458
YMR143W;YDL083C	-0.727756831775
YHR200W	-0.72511340096
YER157W	-0.72218744377
YLR229C	-0.722155669514
YER049W	-0.719243581155
YDR211W	-0.719238727755
YOR281C	-0.718517960412
YFR037C	-0.716125229047
YPR163C	-0.714613532247
YOR168W	-0.71432550421
YLR333C;YGR027C	-0.71312791949
YDR382W	-0.707752162636
YAR002W	-0.707496470729
YDL125C	-0.706431431919
YDR035W	-0.705616999061
YPL129W	-0.704703270594
YIL105C	-0.695703926291
YER138C	-0.691016114081
YDR321W	-0.689737627246
YDR002W	-0.682963399508
YOR206W	-0.678892092906
YLR344W	-0.678151372063
YGR218W	-0.674398370515
YLR075W	-0.671752435017
YKR095W;YDL209C	-0.671733177077
YLR180W	-0.671470023477
YPR189W	-0.666508498574
YNL160W	-0.666155989568
YHR193C	-0.664826243468
YOR361C	-0.663885196838
YMR290C	-0.659561516503
YBR049C	-0.654993099292
YKL196C	-0.654145166558
YER030W	-0.647999727486
YOL121C;REV__YOR335C	-0.646866007156
YER048C	-0.646407843096
YMR002W	-0.64480800259
YIL094C	-0.640649383214
YER117W;YBL087C	-0.640115389933
YDL075W	-0.64007140122
YCL057W	-0.637237494237
YDR529C	-0.636674641913
YJL172W	-0.635991677566
YMR029C	-0.635874056974
YGL020C	-0.635470295504
YFR033C	-0.633240377706
YGL087C	-0.632647443692
YOR124C	-0.632289646838
YPR063C	-0.629618259713
YBL022C	-0.628661088469
YPR088C	-0.627362417483
YDL078C	-0.626230468571
YBR029C	-0.623888169768
YBR234C	-0.617071490277
YOL059W	-0.615989342707
YLR150W	-0.61400812443
YLR370C	-0.611851904697
YGL097W	-0.609595922527
YOL075C	-0.609274394891
YMR250W	-0.608962179224
YGL123W	-0.607600901179
YBR084C-A;YBL027W	-0.607284776569
YLR441C	-0.605863787193
YLR390W-A	-0.602969655091
YMR217W	-0.599239383154
YGL189C	-0.599055562505
YGR210C	-0.595979474621
YEL037C	-0.595932935736
YLR172C	-0.593816998478
YBR039W	-0.593715751651
YGL030W	-0.59321024761
YCR072C	-0.593013114714
YHR039C-A	-0.591936916668
YBR079C	-0.5914577892
YIL043C	-0.590674914946
YNL189W	-0.590584315323
YPL117C	-0.588871109956
YDL100C	-0.58703789745
YER165W	-0.586794746562
YOR091W	-0.584786342672
YCL054W	-0.58471869228
YHR089C	-0.583032359702
YBR191W	-0.576350074636
YMR074C	-0.576012083206
YGL173C	-0.575719261645
YAL003W	-0.573712514548
YEL026W	-0.572891940487
YHL015W	-0.572539395474
YIR003W	-0.572270636155
YCR077C	-0.567825346167
YGL147C	-0.554564051019
YKL033W-A	-0.553911235426
YOR335C	-0.551618654049
YHR148W	-0.551570433485
YNL061W	-0.546856643063
YMR200W	-0.546825761339
YPL061W	-0.546823430194
YOR369C	-0.546711853494
YBL102W	-0.545280935109
YGL103W	-0.540451225675
YHR010W;YDR471W	-0.540391373771
YEL034W;YJR047C	-0.538415681952
YAL035W	-0.536544575396
YER052C	-0.536489751867
YIL018W;YFR031C-A	-0.536192682743
YDR481C	-0.536060887279
YOR332W	-0.53309277981
YML063W	-0.533074461243
YOL022C	-0.529272642537
YHR072W-A	-0.524747892893
YPR052C	-0.523116498736
YDR533C	-0.521846732758
YGL113W	-0.513495331261
YLR448W	-0.512480944652
YMR142C	-0.512008665048
YPL212C	-0.51192117311
YOL097C	-0.511755532231
YMR108W	-0.510132279902
YDR019C	-0.510060025936
YNL112W	-0.505601802548
YJR014W	-0.504623005806
YMR230W	-0.502707964855
YBR130C	-0.502689444385
YDR025W;YBR048W	-0.498382033808
YNL183C	-0.494877403926
YJL177W	-0.494258997822
YMR241W	-0.492680538866
YNL096C	-0.489536916496
YDR485C	-0.488479387846
YNL098C	-0.487411637001
YBR177C	-0.487319738694
YML026C;YDR450W	-0.487025900175
YOR020C	-0.484401216293
YGR277C	-0.483503413237
YNL121C	-0.481662948675
YBL041W	-0.480474049214
YDR037W	-0.479248230022
YHL033C	-0.478461888651
YDL004W	-0.478381701451
YOR204W;YPL119C	-0.477901387595
YML057W	-0.477301586674
YBL092W	-0.474182003831
YJL148W	-0.474043554878
YLR397C	-0.473095185276
YIL039W	-0.471722239683
YEL013W	-0.47124331412
YJR117W	-0.469715786224
YOR286W	-0.469560167813
YLR347C	-0.468162629107
YKR035W-A	-0.463718755469
YJR017C	-0.463160276254
YOR210W	-0.463002339469
YGR034W	-0.462256289263
YPR041W	-0.461944223898
YPR132W;YGR118W	-0.461885793734
YBR189W	-0.460653455782
YGR020C	-0.460535523046
YKL007W	-0.460251229139
YDL213C	-0.460111894954
YBR101C	-0.459833271301
YJL014W	-0.458719994736
YLR314C	-0.457509855867
YBR244W	-0.457090002215
YLR304C	-0.45565695669
YJR064W	-0.453994753634
YER151C	-0.452345800233
YOR276W	-0.451008868861
YJR062C	-0.448790466854
YHR020W	-0.448216669582
YLR197W	-0.441882051803
YML125C	-0.438168490264
YBR025C	-0.437301718787
YDL130W	-0.435281981825
YDR300C	-0.434585941508
YJR144W	-0.434035796499
YLR175W	-0.433950373797
YEL031W	-0.433374406482
YJL041W	-0.432791335542
YJL026W	-0.43084793588
YNR018W	-0.428536476418
YNL154C	-0.427257615927
YDR378C	-0.423437586846
YIL051C	-0.421947275788
YBL058W	-0.419325297856
YBR106W	-0.417320984196
YOL005C	-0.41679799304
YOL109W	-0.416119877193
YDL208W	-0.415901040475
YMR083W	-0.415822504017
YKL077W	-0.411755101886
YDL014W	-0.4112630781
YPR102C;YGR085C	-0.408274685453
YJL136C	-0.408024290192
YBL039C	-0.406353257715
YBL032W	-0.405662722223
YBL008W	-0.404302050945
YIL034C	-0.404045387482
YHR052W	-0.402885440337
YIL109C	-0.39885373274
YER073W	-0.397870049179
YOR116C	-0.395980506644
YDR483W	-0.395885357189
YBL036C	-0.39587002086
YML017W	-0.393581620424
YJR104C	-0.390486883824
YBR031W	-0.389918081595
YHR025W	-0.388961825895
YCL059C	-0.387816963729
YOL127W	-0.387654222313
YLR249W	-0.387284855175
YDR023W	-0.386994942631
YPL249C-A	-0.386301561328
YGL167C	-0.382450542347
YDL135C	-0.380951644477
YNL059C	-0.38027632086
YLL008W	-0.378167079337
YFR004W	-0.377609562246
YDR432W	-0.375825310559
YMR260C	-0.374434949798
YNL243W	-0.374033787298
YJL191W	-0.373574111
YDR272W	-0.37193311003
YNL031C;YBR010W	-0.370780533687
YDL140C	-0.370353062688
YML069W	-0.369581677484
YOR167C	-0.368655397512
YJR145C;YHR203C	-0.365299216836
YLR025W	-0.364128494416
YDR328C	-0.362147549394
YHR049W	-0.361975518034
YLL018C	-0.361665287459
YNL209W	-0.361210414522
YER110C	-0.359107778514
YNL030W;YBR009C	-0.355597499942
YBR218C	-0.355020659449
YJR016C	-0.34666313892
YMR197C	-0.344933127375
YMR300C	-0.342878313652
YDR292C	-0.342101782053
YGR234W	-0.340737853779
YPR080W;YBR118W	-0.338873777423
YDL182W	-0.337621001982
YPL063W	-0.33495631521
YKL117W	-0.334609689655
YLR206W	-0.332745430195
YOR061W	-0.329276512397
YOL151W	-0.328939680484
YBR249C	-0.328043862154
YFR009W	-0.326082346919
YMR183C	-0.325607026939
YNR001C	-0.325304720154
YNL263C	-0.325066054832
YER009W	-0.323469958728
YOR293W	-0.320677250547
YLR167W;YLL039C	-0.31991231364
YKL157W	-0.319467530233
YGR157W	-0.319206962804
YJR077C	-0.319140334786
YIL069C;YER074W	-0.318262964963
YGR178C	-0.308269697782
YLR367W;YJL190C	-0.30687391564
YOL120C;YNL301C	-0.304129097052
YPL194W	-0.302863837604
YOR063W	-0.302802217019
YKL094W	-0.298262384786
YPL211W	-0.297312252363
YJR105W	-0.294877788954
YGR155W	-0.29443848305
YKL112W	-0.289742055261
YLR325C	-0.288142088735
YDR233C	-0.287657457354
YKR066C	-0.286894500292
YDL147W	-0.286655075146
YOR074C	-0.285737249641
YLR256W-A	-0.285047830217
YPR137C-A;YDR261C-C;YAR010C	-0.283627241906
YDR188W	-0.283011947227
YOR312C;YMR242C	-0.282500454285
YEL046C	-0.281368620145
YFR047C	-0.278053351936
YDR224C	-0.277846734215
YDR388W	-0.277113495832
YCR084C	-0.277006866202
YDL029W	-0.276420357975
YKL195W	-0.275533407213
YIL137C	-0.273573307711
YEL002C	-0.272915907051
YNL071W	-0.272667536308
YER086W	-0.270058963411
YNL064C	-0.269976935183
YJR070C	-0.269950130834
YPL143W	-0.267440829984
YDL095W	-0.266849216111
YLR275W	-0.263737357246
YHR128W	-0.261675120525
YDR172W	-0.260778862205
YGR074W	-0.259971098485
YDL086W	-0.259837123705
YDR429C	-0.259260656394
YMR080C	-0.258228530794
YBL005W-B;YBL005W-A	-0.257212496543
YER036C	-0.256060750507
YPR010C	-0.254772860481
YKL081W	-0.254437813713
YHR097C	-0.252657786968
YBL047C	-0.25251213642
YKL056C	-0.251727099231
YHR113W	-0.251143550651
YBL017C	-0.250198846377
YLR285W	-0.249136586933
YBR273C	-0.248306209159
YGL076C	-0.246978193133
YPR020W	-0.246464481627
YPL226W	-0.245947481618
YGL120C;YNR011C	-0.24539634816
YNL247W	-0.242527043715
YCL009C	-0.240826893443
YOR298C-A	-0.238284735851
YPR028W	-0.237812425687
YPR062W	-0.23700530989
YHR015W	-0.236484317149
YDR507C	-0.234323821322
YCR053W	-0.233000972566
YLR380W	-0.231487780253
YJL055W	-0.230908922955
YMR226C	-0.229759222808
YPR024W	-0.229688602648
YDL201W	-0.226536391032
YDR422C	-0.223607006392
YML073C	-0.223598414585
YNL014W	-0.222605648445
YJR029W	-0.22175683839
YLR342W	-0.221303956145
YIL027C	-0.220860625237
YLR355C	-0.220084047966
YBR011C	-0.218960193265
YLR300W	-0.214392400784
YPL239W	-0.214097902462
YCR020W-B	-0.213774596942
YNL162W;YHR141C	-0.212833971689
YNL007C	-0.211157879827
YMR043W	-0.208175392409
YBL076C	-0.207992070138
YBL030C;YBR085W	-0.207942015278
YDR212W	-0.207734806292
YLR048W	-0.205508401515
YHR076W	-0.201870013955
YMR186W	-0.201550950262
YOR027W	-0.200469988818
YPL010W	-0.200166869786
YGL105W	-0.197261367658
YEL054C;YDR418W	-0.196148192915
YPL091W	-0.194155519998
YMR178W	-0.192855032935
YPR074C	-0.192607325025
YAL042W	-0.192374898038
YML010W	-0.190515082573
YLR422W	-0.190492611581
YNR043W	-0.187245694629
YGR231C	-0.186183823179
YBR086C	-0.18574592845
YDR091C	-0.185391296654
YDR454C	-0.185125290602
YDL226C	-0.184185128367
YGR086C	-0.180826340015
YOR007C	-0.180142958977
YHR019C	-0.178388311937
YLL021W	-0.176339765551
YLR248W	-0.173791235383
YGR175C	-0.172847070319
YBR263W	-0.172027567963
YLR189C	-0.171208600614
YAL007C	-0.167518615639
YOR122C	-0.166947290824
YDR487C	-0.165502705236
YIL123W	-0.164491647564
YBR078W	-0.164173557796
YER025W	-0.162152859937
YNL178W	-0.161885792441
YOR142W	-0.161355733972
YDL131W	-0.16053363707
YER089C	-0.158706307046
YNL108C	-0.154751187637
YHR098C	-0.153706373897
YBR112C	-0.149926159223
YDR353W;YHR106W	-0.147755398004
YOR239W	-0.145088709192
YGL207W	-0.144579326374
YGR145W	-0.13768029496
YGR148C	-0.13517542099
YPL059W	-0.135014373532
YPR033C	-0.134846585723
YNL259C	-0.134377032261
YKL085W	-0.133579177783
YOR187W	-0.132364822517
YGL221C	-0.13133316925
YOR014W	-0.130388964862
YLL034C	-0.129936963335
YJR109C	-0.123865073986
YCL044C	-0.123374993417
YOR046C	-0.123302492957
YGL148W	-0.122326229815
YJL189W	-0.116710299955
YKL054C	-0.116334901084
YHR107C	-0.11527900082
YPL012W	-0.113843744792
YMR079W;YKL091C	-0.112340430564
YGR135W	-0.111604399232
YPL220W;YGL135W	-0.110750628259
YLR262C-A	-0.108866674301
YCR030C	-0.108326863459
YNL206C	-0.10824408144
YLR293C;YOR185C	-0.107537167613
YBL045C	-0.102691398061
YHR039C	-0.10017897861
YGR119C	-0.0979954880845
YLR340W	-0.0918134938567
YDR341C	-0.091106850907
YOR323C	-0.0898136396028
YOR222W	-0.0891492899364
YNL106C	-0.088992336315
YMR070W	-0.0886905268095
YLL024C	-0.0874037904501
YDL168W	-0.0840924769904
YEL051W	-0.0827863920517
YOL039W	-0.0818160782313
YML086C	-0.0789493835272
YPL160W	-0.07430667614
YNR016C;YMR207C	-0.0729427307609
YIL033C	-0.0719930921958
YHR068W	-0.0713068260628
YGR094W	-0.0712827688189
YIR010W	-0.0710277469835
YER125W	-0.0708160579029
YGR123C	-0.0675763264545
YDL103C	-0.0658723505242
YML056C	-0.0643124343619
YJL121C	-0.0639385516694
YGL206C	-0.0616644459011
YIR006C	-0.0612121822033
YLR387C	-0.0581948665392
YNL141W	-0.0576725869452
YHR042W	-0.0561579246229
YKR059W;YJL138C	-0.0560782203962
YDL066W	-0.0549920616755
YMR015C	-0.0523309111575
YOL143C	-0.0494321157317
YNL244C	-0.0492702796586
YOR188W	-0.0487608582338
YMR145C	-0.0470247076435
YBR135W	-0.0461929074848
YHL001W	-0.0456697385398
YHR146W	-0.0445211500187
YKR062W	-0.0416277715619
YMR235C	-0.041206533243
YKL006W	-0.0368351964354
YPL037C	-0.0365824850713
YGR214W	-0.0353159495541
YOR261C	-0.0352376126024
YOR310C	-0.0337639928463
YPR165W	-0.0324206959803
YKL186C	-0.0307161017571
YML106W	-0.029336838908
YJL008C	-0.0289871273307
YOR243C	-0.0285818994452
YOL139C	-0.0273640635226
YGR193C	-0.0269127534478
YML074C	-0.0267783442902
YNL037C	-0.0252086473492
YMR276W	-0.0234398708993
YML126C	-0.0232077381864
YJR045C;YEL030W	-0.0227272607018
YMR091C	-0.0226122547094
YOR271C	-0.0223666597731
YPL178W	-0.0217915333697
YDR361C	-0.0207001773564
YBR121C	-0.0197386944032
YGR264C	-0.0196854206955
YJL140W	-0.0176462686948
YJL076W	-0.0172092929816
YER122C	-0.0153842485094
YHR133C	-0.0150262105913
YIL124W	-0.0131634513952
YIL062C	-0.0122104221681
YBR082C	-0.0119780522007
YOR232W	-0.00910774747555
YKL148C	-0.00749492734422
YDR177W	-0.00588879428444
YPR036W	0.000831749767455
YJR007W	0.00251867388139
YNL010W	0.00504658811772
YER080W	0.0104307867986
YJL130C	0.013828454678
YPL048W	0.0151623028821
YOR133W;YDR385W	0.0161611192984
YKL060C	0.0200738006314
YGR285C	0.0236717392272
YHR027C	0.0240683556825
YLR043C	0.0250620349029
YFL010C	0.0258580522733
YLR061W	0.0268082445699
YDR381W	0.0294241429253
YOL038W	0.0299137264893
YGR167W	0.0333663436091
YGR185C	0.0343038521291
YOR374W	0.0392221191158
YMR039C	0.04207434091
YGL009C	0.0434702099775
YJL173C	0.0442312241277
YMR311C	0.0463034151607
YKL080W	0.0501691202476
YMR243C	0.0507914206867
YAL005C;REV__YPL217C	0.0518037165794
YNL153C	0.0539148871945
YNR017W	0.0543088401877
YCL050C	0.0543325608949
YDR226W	0.0559816617469
YGR162W	0.0562553627098
YGR180C	0.0568509966537
YPL131W	0.05703791492
YER043C	0.0574179545457
YJL080C	0.0591578961561
YML085C	0.0594826205
YBR089C-A	0.0601321890329
YDL191W;YDL136W	0.0633162286299
YGR082W	0.0635472956272
YGL252C	0.0640617461804
YIL133C	0.0676894794423
YKL210W	0.068154247173
YPL120W	0.0696642553247
YLR330W	0.0696866334762
YEL047C	0.0707763715207
YDR399W	0.071331823537
YNR008W	0.0731217537394
YJR076C	0.0734624864159
YGR054W	0.0755073671609
YGL195W	0.0768495275412
YLR026C	0.0774449359507
YFL038C	0.0781390118281
YJR139C	0.0784832193275
YPL231W	0.0787680667296
YAL053W	0.0804640174426
YBR059C	0.0808980023637
YLR044C;YLR134W;YGR087C;YDL080C	0.084597320291
YHR064C	0.0850070363713
YBR088C	0.0860189697864
YFL045C	0.0872393378797
YPL009C	0.0887382417601
YPR035W	0.090695745044
YOR136W	0.0936606024595
YPL106C	0.0972212460743
YBR127C	0.103313110804
YJR065C	0.103791520537
YHL011C	0.104365906777
YDL099W	0.107066998709
YPR145W	0.10722773306
YPL127C	0.107878008105
YPL004C	0.10906912023
YDR167W	0.10915582279
YBR230C	0.112355060454
YHR208W	0.113008562644
YLR259C	0.113748954964
YDL143W	0.114738837276
YER120W	0.116034885825
YOR115C	0.116482704977
YOR020W-A	0.119383871861
YKL016C	0.120292765851
YDL122W	0.120342156232
YER155C	0.120386945947
YJR060W	0.12121961411
YMR072W	0.121951368026
YDL236W	0.127027792964
YMR222C	0.128752517576
YNL104C;YOR108W	0.134753762273
YGL106W	0.134981641814
YOR265W	0.135961868151
YMR203W	0.136439696834
YBR286W	0.139281829012
YPR191W	0.139311089891
YMR318C	0.141287337707
YOR117W	0.142310296179
YDL007W	0.14252294783
YNL281W	0.142896253124
YDR513W	0.145154039869
YKL006C-A	0.145985693284
YDR156W	0.147331552761
YBL099W	0.147957841925
YOR089C	0.149974338145
YML078W	0.151291419495
YML094W	0.153008129898
YLR008C	0.15592187401
YCR028C-A	0.158222672649
YNL055C	0.161040057508
YLR179C	0.161440337269
YDL084W	0.164446035923
YHR029C	0.164526650272
YLR351C	0.167445425637
YER023W	0.168093355676
YMR307W	0.170493273112
YBL091C	0.172365284341
YLR027C	0.174451720102
YKR074W	0.175943036894
YFL026W	0.176676875124
YDR158W	0.179819566011
YER034W	0.180342158662
YDR346C	0.180733732723
YNL099C	0.181499216786
YKR043C	0.186625089052
YOL086C;YMR303C	0.188369121154
YDR062W	0.188441512537
YOR317W	0.189216134068
YFR010W	0.191983738521
YDR007W	0.192314910338
YGL242C	0.192891532395
YDL160C	0.193065824541
YOR207C	0.193701440414
YDR145W	0.194147711908
YDL188C	0.196359680885
YDR502C	0.196597489501
YKL024C	0.196663541322
YNL026W	0.197090711212
YDL137W	0.197908472866
YNL239W	0.202147098579
YDR129C	0.203516448638
YML124C	0.203847465926
YLR216C	0.204088836848
YGR253C	0.205015739691
YPL079W	0.206730523399
YFL037W	0.209561840673
YDR127W	0.210225995546
YEL003W	0.213057979573
YIL041W	0.213178821843
YDR099W	0.214062902565
YOR184W	0.214574748244
YGR240C	0.214897797013
YKL013C	0.217034897478
YDL185W;CON__P34955	0.217346232226
YLR028C	0.218266352612
YER105C	0.219218908145
YFL018C	0.220420121597
YMR062C	0.224755408052
YAL023C	0.228701054333
YER177W	0.229978969353
YOL012C	0.234274704207
YPR159W	0.234279149257
YLR153C	0.235307733081
YMR058W	0.235606533937
YBL063W	0.236774522426
YLR200W	0.236867429744
YIL145C	0.241892495872
YPL154C	0.243400927364
YGL245W	0.243434900912
YPR010C-A	0.244666078687
YIL125W	0.245864170495
YGL200C	0.246025527949
YER057C	0.249552964529
YFR051C	0.250875221722
YIL078W	0.251073163769
YDR293C	0.252301234341
YML128C	0.253599671248
YMR261C	0.258589518179
YGR186W	0.260805654257
YGL202W	0.264242908677
YFL014W	0.268373632106
YIR001C	0.268750943683
YER019C-A	0.271653645281
YKR048C	0.272500521677
YBR143C	0.273212585364
YOR209C	0.273610679249
YML092C	0.274780751285
YAL012W	0.275375035029
YDR525W-A	0.27806952775
YPR181C	0.280566633132
YGR061C	0.28236168602
YOR197W	0.282631960188
YPL262W	0.28276468984
YGR192C	0.284487753003
YIL142W	0.285829778943
YJR069C	0.293528625394
YLR270W	0.296216431073
YNL088W	0.299546629916
YPL145C	0.299622467065
YOL061W	0.300367259162
YPL235W	0.301164695404
YOL010W	0.304185669732
YDL195W	0.304895816909
YDR372C	0.305448994017
YOR362C	0.30697070753
YGR271C-A	0.307922532336
YBR097W	0.310764155826
YNL241C	0.311779028447
YIL010W	0.312751549486
YGL244W	0.313560517741
YLR413W	0.31389598484
YFR050C	0.313975402113
YPR060C	0.314225364162
YHR001W	0.314879655475
YNL135C	0.316509654788
YPL207W	0.319182440154
YBR261C	0.31978778243
YPR108W	0.320805372462
YKR046C	0.321505179035
YML001W	0.327861670344
YLR432W;YHR216W;YAR075W;YAR073W	0.329806857915
YKR001C	0.332728520711
YDR214W	0.334100101283
YJR075W	0.334277153496
YGR124W	0.334751080055
YOR272W	0.337253241486
YLR060W	0.337391319426
YGL026C	0.337986344733
YBR248C	0.338182009047
YKL212W	0.340433765433
YDR141C	0.345812096393
YHR018C	0.346523369033
YHL034C	0.349375589049
YDL064W	0.350348666502
YDR050C	0.350513010187
YPL190C	0.35366656082
YCR004C	0.355133004722
YFL039C	0.35551293487
YLR429W	0.357549953033
YOR103C	0.359983683303
YDL126C	0.361685945557
YHR108W	0.362494965092
YGL048C	0.363429539089
YLL026W	0.36399846522
YAL044C	0.36470317966
YBL050W	0.368132336776
YLR024C	0.36941613208
YMR012W	0.370988741971
YOL021C	0.374564567863
YGR261C	0.376616148906
YKL152C	0.378522357382
YGL137W	0.379756892357
YCR012W	0.381289555588
YJL128C	0.385500949638
YPL240C	0.386568135599
YLR295C	0.388499264107
YFL005W	0.389123214997
YNL287W	0.390997322121
YER091C	0.393492044946
YJL020C	0.394519072767
YPR158W-B;YML045W;YDR316W-B	0.39479207026
YLL050C	0.394994061023
YML004C	0.396146643613
YER178W	0.399250487413
YOR065W	0.403818579899
YER156C	0.406311262806
YML008C	0.407122536944
YCL028W	0.407274909088
YDR404C	0.40801276767
YMR116C	0.408800760503
YER090W	0.410763031471
YMR092C	0.411874210084
YJL111W	0.412062486591
YNL016W	0.413121837344
YDR368W	0.415044601848
YOR259C	0.41714474639
YPL028W	0.418772230947
YIL149C	0.421770433548
YCL035C	0.422168617202
YNL009W;YLR174W	0.422684868994
YKL067W	0.423368297832
YPL218W	0.42366701828
YCL031C	0.425028148478
YGR134W	0.427834001418
YCL033C	0.430789174396
YDR411C	0.433913643534
YKL182W	0.434478274197
YIL053W	0.435955290053
YOR176W	0.439370208771
YMR205C	0.440861698684
YHR183W;YGR256W	0.446687937666
YEL011W	0.447718880324
YNL192W	0.44905273933
YHR174W	0.449178130408
YLR418C	0.453496029132
YDR238C	0.454424458413
YPR133C	0.454975105356
YNL079C	0.455380898545
YPL081W	0.45700614556
YPL232W	0.457187303041
YKL038W	0.458826923567
YJL012C	0.462707864329
YDR155C	0.464736632905
YIL136W	0.46888656002
YLR449W	0.472123292021
YPR069C	0.472711894442
YIL138C	0.472729477066
YDR032C	0.472824713677
YKL121W	0.475887963714
YJR121W	0.482751796157
YHR135C	0.483924474127
YDL192W	0.485085349516
YKR014C	0.485254561069
YNL208W	0.488247918036
YLR192C	0.491287264648
YGR204W	0.492175690696
YHR074W	0.500789609812
YNL134C;YCR102C;YLR460C	0.501792744952
YNL131W	0.502566120552
YNL186W	0.503257104158
YDR098C;YER174C	0.507922213729
YNL087W	0.51023512458
YPL111W	0.512111082297
YDR174W	0.512395653217
YER007C-A	0.51431346318
YBR139W	0.520221267667
YGR209C	0.52172970523
YGL055W	0.524053994797
YBR149W	0.526285865158
YBR109C	0.527811919084
YKL150W	0.533390500152
YJL117W	0.537745224318
YPR161C	0.545181422613
YBR222C	0.54626148322
YCR088W	0.547728867149
YBR098W	0.552704844264
YHR030C	0.555100450541
YPL169C	0.55709976654
YAL038W;YOR347C	0.559258830423
YPL204W	0.559856060948
YLR301W	0.561121797181
YPL078C	0.565471848222
YDR044W	0.570368448983
YIR037W	0.585524941544
YDL145C	0.586216830835
YBR052C	0.587273889646
YLR055C	0.588601004809
YPL257W-A;YLR157C-A;YER137C-A;YDR365W-A	0.589755700187
YOR042W	0.591937028027
YGL011C	0.592240920223
YNL039W	0.592694712547
YOR230W	0.595140214097
YCR073W-A	0.599232347473
YBR117C	0.612573852474
YEL021W	0.618903348676
YJL159W	0.619960129585
YGR116W	0.621736067653
YCR002C	0.622732207398
YJL167W	0.624324009243
YBR196C	0.624336049695
YBR169C	0.627463820858
YBR015C	0.631475016851
YOR198C	0.643583662335
YAR007C	0.645862043312
YCR009C	0.646023100391
YOR164C	0.648348851851
YML070W	0.665009663966
YKR070W	0.670053321142
YNL138W	0.671530430604
YKL035W	0.674549730774
YDL052C	0.674587884561
YLR113W	0.677033827878
YGR279C	0.685157858811
YER136W	0.696202309197
YLR356W	0.699624334424
YDL055C	0.7001381982
YER055C	0.701465716571
YNR035C	0.70293746935
YDR406W	0.70313728677
YMR220W	0.705143689426
YDL116W	0.707499910178
YJL052W	0.709314501119
YDR304C	0.709562357285
YLR118C	0.711732780706
YOL123W	0.71458250511
YBR283C	0.715875068483
YPR016C	0.716146075476
YDR148C	0.720175102115
YML012W	0.725195522629
YLR372W	0.725329784292
YPL112C	0.729006387061
YPR148C	0.729038711925
YDR086C	0.729840867013
YOL154W	0.736734797627
YBR080C	0.73722992183
YGR244C	0.737690732233
YGR284C	0.741540618917
YER133W	0.747671866833
YPR183W	0.755811262004
YPL260W	0.75603461895
YOR285W	0.765534384866
YDL174C	0.770205123226
YGL253W	0.771487149783
YEL058W	0.771541669612
YOR045W	0.775161250516
YML076C	0.777336925163
YGR282C	0.777475028378
YDR168W	0.779604944203
YLR354C	0.784097427859
YMR169C;YMR170C	0.787341662288
YOR260W	0.799004635575
YFR044C	0.800335082045
YGR019W	0.800505254494
YKL181W	0.808039469975
YER003C	0.811273422147
YBR072W	0.813512195319
YLL001W	0.821263285731
YNL044W	0.821800627112
YMR314W	0.826284240511
YDR258C	0.827299855173
YMR196W	0.830239761696
YLR231C	0.847692688164
YGL157W	0.857329700664
YFR024C-A	0.859824660319
YDR394W	0.866020943704
YMR295C	0.869134308925
YAR002C-A	0.869372337788
YDR486C	0.871758764875
YJR135W-A	0.879939429106
YBR221C	0.880078924951
YCL030C	0.882316071058
YLR359W	0.889404506191
YDL110C	0.895387749226
YDR320C	0.904360781342
YGR237C	0.90556542197
YFL004W	0.918910164722
YBR269C	0.921372927022
YDL040C	0.921555383495
YGR202C	0.921967441305
YKL204W	0.92804757448
YDR510W	0.939091795812
YGL256W	0.948229528213
YML036W	0.95278153861
YJR025C	0.955835058657
YLR287C	0.958413213338
YOR151C	0.964594912696
YER103W	0.96541517982
YIR036C	0.966804926964
YHR179W;YPL171C	0.968288215633
YER012W	0.975556846259
YDR516C	0.980440474713
YER094C	0.986087641872
YLR208W	0.990739787468
YGL232W	0.990796361291
YER088C	0.993472994046
YLR257W	1.00578939125
YML120C	1.00659020134
YLR438W	1.01171666461
YMR105C	1.01865819403
YML048W	1.02113381761
YGR136W	1.02997902155
YJR009C	1.03360102935
YIR038C	1.05409797142
YER002W	1.05470597392
YOL016C	1.06050890636
YML100W	1.07784317869
YLR178C	1.08727485603
YFR052W	1.08892514109
YLR421C	1.09343839403
YKL211C	1.11715690319
YBR126C	1.11797148508
YKL142W	1.12208915579
YCL014W	1.12970265573
YNL220W	1.13145970779
YFR053C	1.14241004262
YDR001C	1.15538487433
YPL225W	1.15646720874
YOL064C	1.15782351825
YKL175W	1.1601541525
YER067W	1.17126484406
YMR099C	1.17578001478
YHL021C	1.18855799801
YDR333C	1.19151645148
YOR254C	1.20193844171
YJR103W	1.20857252191
YML028W	1.21083874717
YLR100W	1.21173012665
YGL255W	1.25421008624
YDR074W	1.27043596609
YBR162C	1.27901072712
YDL173W	1.28033993147
YMR315W	1.28512705737
YER063W	1.29349180853
YKL193C	1.30380286081
YER068W	1.30547138231
YGR254W	1.30631882558
YDR092W	1.30858523026
YMR214W	1.31979821106
YGR090W	1.31990958673
YIL021W	1.33568093588
YGR241C	1.34331495822
YBR111C	1.34581294381
YGL234W	1.37895416991
YOR128C	1.39234655345
YMR173W	1.39521773967
YPR154W	1.40900868059
YKL103C	1.41576851887
YLR058C	1.41588559346
YMR189W	1.42591493628
YNL015W	1.43086117779
YKL127W	1.44886529145
YLR383W	1.45488531228
YNL111C	1.46062232753
YPL271W	1.46501223374
YPR127W	1.46571257883
YFR006W	1.46763666223
YOL057W	1.46807159249
YLR126C	1.51815352089
YKL104C	1.52510405594
YCL043C	1.53890354057
YKL145W	1.53947497028
YJL001W	1.55238395413
YIL108W	1.55476978316
YBR214W	1.5576905504
YPR118W	1.5629186158
YOR099W	1.56330893014
YNL115C	1.5772693356
YKL165C-A	1.57998896797
YNL312W	1.59965290994
YDR060W	1.60286193655
YDR135C	1.62126262038
YAR015W	1.65084615217
YJL034W	1.65155770434
YDL022W	1.653303494
YJL171C	1.65913888127
YHR104W	1.66745180512
YDR519W	1.67069046169
YDR326C	1.67571974405
YHR164C	1.71188711164
YDL124W	1.72343242581
YGL037C	1.73226026113
YGL001C	1.7339933462
YML130C	1.7365440224
YAL049C	1.74076641082
YFL022C	1.74206172453
YPL086C	1.74797818621
YGR232W	1.77039694761
YMR297W	1.79968902504
YJL042W	1.82252475377
YHR063C	1.88751915373
YOR227W	1.89517507751
YNL307C	1.91899586067
YLR237W	1.96454969524
YMR305C	1.99758808597
YCL040W	2.02795567723
YER062C	2.04129336806
YML123C	2.07544116111
YGR037C	2.08726003889
YDR518W	2.11801339767
YFR015C	2.17411066313
YDR171W	2.18291599497
YMR120C	2.32820075798
YER081W	2.36136357596
YAL060W	2.40034238401
YKL073W	2.41575421219
YKR080W	2.4326341501
YKL128C	2.46772969525
YLL040C	2.48648268097
YDR296W	2.57139649021
YJL068C	2.5968994315
YBR208C	2.63574679187
YIL116W	2.67471974586
YNL233W	2.76974616422
YLR195C	2.81452235792
YEL060C	2.91960193081
YGR173W	3.0050126267
YDL031W	3.12181017763
YLR361C-A	3.17361968346
YLR447C	3.3372580175
YHR087W	3.36811692648
YJL005W	3.38190903921
YKR084C	3.82247147981
YGR008C	3.98554110681
YOL031C	4.56760918134
YCL019W	4.67535693121
YIL022W	5.14851126416
YBR056W	5.67043676028
