YER176W	-8.23649088362
YHR097C	-8.0945435482
YER103W	-7.19763667333
YMR105C	-5.49750728826
YHR196W	-5.44427512382
YBR230C	-5.26306002981
YLL013C	-5.1252279841
YHR163W	-4.8813204267
YJR025C	-4.72654164548
YJR059W	-4.55974313798
YMR250W	-4.4796409685
YFL014W	-4.2765818497
YPL049C	-4.19810657591
YER062C	-4.10967006464
YKL113C	-4.02757201356
YFR033C	-3.96633427409
YKL040C	-3.93255169716
YBR026C	-3.71152492439
YKR046C	-3.69232657949
YDR322C-A	-3.65727589012
YLR206W	-3.52381108144
YJL042W	-3.45374505806
YGR132C	-3.43510125051
YIL130W	-3.39334654524
YLR270W	-3.31556245547
YDL224C	-3.26093922566
YLR418C	-3.25717724764
YDL004W	-3.09664736445
YGR001C	-3.08318134798
YBR169C	-3.03735720784
YGR130C	-3.02037766533
YMR015C	-2.99002450202
YBL006C	-2.97915721927
YLR361C-A	-2.93216502033
YDL150W	-2.89519538057
YOR136W	-2.70390642822
YMR161W	-2.69770873013
YMR273C	-2.69722795422
YOL103W-B	-2.68862625472
YKL150W	-2.65630730259
YLR257W	-2.63092277276
YDR354W	-2.61597662321
YDR001C	-2.614573806
YPL032C	-2.60363389361
YOR281C	-2.57545764897
YNL002C	-2.57324613291
YMR215W	-2.56503933963
YGL037C	-2.54932206466
YJL171C	-2.54617007447
YOR101W	-2.50959822079
YLR410W	-2.48399704511
YFR053C	-2.46409146287
YGL068W	-2.45698269449
YOR374W	-2.42621312799
YML022W	-2.42196199538
YLR009W	-2.40491816513
YDL065C	-2.39833191589
YNR001C	-2.37414653879
YLR304C	-2.34568761534
YGR169C-A	-2.33515015068
YGL014W	-2.31970124966
YDR019C	-2.29943968455
YIL105C	-2.2835208712
YAL049C	-2.27007880829
YAR002W	-2.23830291196
YGR005C	-2.20566114763
YDR074W	-2.17666344255
YDR145W	-2.15125180693
YMR196W	-2.10627428595
YBL007C	-2.10308922409
YFR049W	-2.08800180633
YLR324W	-2.07585175421
YOL058W	-2.07334127093
YOL151W	-2.07078363714
YCL040W	-2.05689061625
YPR004C	-2.05198329795
YOR020W-A	-2.03452662057
YJR125C	-2.03396196225
YDR298C	-2.01449781486
YCR051W	-1.97084478891
YKL013C	-1.94872068301
YMR002W	-1.93072675255
YDL078C	-1.92998889991
YMR031C	-1.92799905323
YIR035C	-1.92009065998
YGL049C	-1.91909917401
YER067W	-1.91739866486
YHR051W	-1.91079034218
YOR127W	-1.90719001907
YGL187C	-1.9010030416
YDL110C	-1.90067806783
YPL010W	-1.8892308059
YDL213C	-1.88477326127
YGL023C	-1.87056809094
YJR077C	-1.86801588014
YLR026C	-1.85718108654
YBR208C	-1.85396314935
YJL104W	-1.84447796264
YHR052W	-1.8389432826
YGL221C	-1.76166765127
YPL078C	-1.76029767125
YBR139W	-1.75827799891
YPL194W	-1.75052783317
YOL070C	-1.73789225611
YEL013W	-1.72237727933
YBL045C	-1.72134511883
YLR209C	-1.72130768383
YCL057C-A	-1.70795750646
YOR153W	-1.69425517079
YNL123W	-1.68758488209
YNL037C	-1.68726051613
YIL137C	-1.6790710717
YMR198W	-1.66187521827
YGR266W	-1.65298174832
YLR420W	-1.64773786226
YDR533C	-1.62702608079
YOR234C	-1.60744911224
YGR244C	-1.59843367029
YBR039W	-1.59614566773
YDR217C	-1.58113819423
YER131W	-1.57912101581
YDL022W	-1.57131225248
YNL118C	-1.56098624948
YLR295C	-1.56019528726
YBR247C	-1.55628226439
YNL098C	-1.54385451154
YFL048C	-1.54373643406
YKL016C	-1.53508600427
YER081W	-1.53010396524
YAR007C	-1.52886921203
YDR272W	-1.5176249031
YKL085W	-1.48818532576
YNL055C	-1.46585203467
YGR231C	-1.46386131219
YKL007W	-1.46354092807
YDR032C	-1.45880614269
YJR072C	-1.431854521
YDR436W	-1.41881816402
YDR028C	-1.40968412431
YMR189W	-1.40074310938
YPR063C	-1.38361082552
YER068W	-1.36652970244
YPL154C	-1.36330755504
YOR286W	-1.36155681029
YGL093W	-1.35802496558
YHR005C-A	-1.35719799619
YOR109W	-1.35196988977
YOR086C	-1.34878042557
YML058W	-1.34518850561
YML057W	-1.33376369519
YBR177C	-1.32314773241
YNL088W	-1.31519692094
YBL099W	-1.3137382211
YDR513W	-1.30976201143
YBR096W	-1.30591582243
YKL216W	-1.30016937794
YML076C	-1.296088738
YGL242C	-1.29291560469
YHL031C	-1.28737311175
YNL091W	-1.28715220091
YDL061C	-1.28601768764
YGR275W	-1.284800559
YPL004C	-1.2843977421
YOL030W	-1.28236142615
YPR173C	-1.27259798986
YBL002W	-1.27203211663
YNL097C	-1.26852447113
YMR295C	-1.26552868623
YPR191W	-1.25889010371
YBL005W-B;YBL005W-A	-1.25357637828
YFR047C	-1.24733379957
YKL067W	-1.23753742991
YBL085W	-1.23671964372
YDL015C	-1.23612761519
YGR086C	-1.23485099831
YBR149W	-1.23237532573
YCL017C	-1.23152210721
YCR093W	-1.22930336263
YGR083C	-1.22503422535
YGR187C	-1.22158855009
YIL125W	-1.22158141671
YPR187W	-1.22009087225
YCL044C	-1.21656338639
YER125W	-1.21516894153
YGR207C	-1.20566635435
YHL004W	-1.2005125392
YPR019W	-1.19310691954
YNL132W	-1.17698509579
YLR106C	-1.17301475224
YPL116W	-1.17175365236
YOR099W	-1.16637741772
YDL124W	-1.16625517588
YOR230W	-1.16510814098
YKR079C	-1.16405418133
YOL027C	-1.16089814581
YDR292C	-1.15854825139
YER031C	-1.15707808536
YLR192C	-1.15258689898
YBL030C;YBR085W	-1.15230973244
YJL172W	-1.15078708095
YLR370C	-1.14971887231
YCR030C	-1.14419490509
YLR089C	-1.14082227528
YIL123W	-1.1400738925
YJL052W	-1.1369541801
YPL085W	-1.13506623959
YBL091C-A	-1.13291191734
YGR082W	-1.13047001591
YJR123W	-1.12863030436
YFL038C	-1.12845660242
YDR481C	-1.12620747347
YGL200C	-1.12188804784
YGR267C	-1.11892426447
YPL129W	-1.11674186019
YOR317W	-1.11635899404
YOR074C	-1.11394421954
YCR009C	-1.11221435879
YDR335W	-1.11090796086
YFR037C	-1.1100701648
YMR056C	-1.10582980118
YDL081C	-1.10408317622
YER151C	-1.1000730741
YJR121W	-1.09513882351
YBR126C	-1.08685152856
YEL060C	-1.08324706791
YBR112C	-1.08184549858
YCL029C	-1.08123834696
YLR429W	-1.07978404259
YLR187W	-1.07197470375
R0040C	-1.06959627905
YDR258C	-1.06888030411
YBR160W	-1.06733415563
YMR309C	-1.0671981392
YIR004W	-1.06611347855
YGR116W	-1.05530697358
YOL075C	-1.05489346847
YBR212W	-1.05341469098
YNR021W	-1.05225818276
YCL057W	-1.05161933101
YLR286C	-1.05104190215
YLR028C	-1.0412129731
YER107C	-1.03704483028
YJL123C	-1.0317882244
YPL050C	-1.02977393477
YOR182C;YLR287C-A	-1.02915690909
YOR164C	-1.01974642083
YKR066C	-1.01958412918
YMR278W	-1.01912885602
YOL145C	-1.01650872135
YML092C	-1.00945255283
YPR072W	-1.00636608277
YLR314C	-1.00515815249
YNR017W	-0.999486440053
YDR210C-D	-0.999126374036
YLL026W	-0.997276510602
YGL040C	-0.994232738506
YLL001W	-0.990312944514
YOR122C	-0.98420924938
YAL060W	-0.983955229302
YMR200W	-0.978989570925
YBR135W	-0.976014211348
YNL104C;YOR108W	-0.974725592876
YIL038C	-0.971990145823
YDR368W	-0.970524420217
YKL195W	-0.966429186536
YNL108C	-0.961588225694
YPL059W	-0.959848445418
YPL249C	-0.957176062803
YNL015W	-0.955293863105
YGL113W	-0.95054080676
YKR094C;YIL148W	-0.94978364822
YNL189W	-0.947914819513
YNR008W	-0.947721556231
YML072C	-0.942374512774
YNR031C	-0.941815107054
YER009W	-0.940876735108
YPL120W	-0.940874136492
YGR282C	-0.940741205917
YKR035W-A	-0.935261749329
YGR128C	-0.930319466187
YMR214W	-0.929133979273
YLR113W	-0.926033424052
YAL025C	-0.923985036542
YER087C-B	-0.908664357998
YOR187W	-0.907014761561
YKL024C	-0.904903795215
YLR186W	-0.901264551066
YNL071W	-0.900310184924
YDL100C	-0.895019416175
YPR010C-A	-0.888952205959
YOR142W	-0.888876658247
YER048C	-0.888363006095
YOR267C	-0.881141485034
YGR193C	-0.881116289655
YLR330W	-0.874562020457
YBR072W	-0.874322719313
YIR010W	-0.873948346237
YCL035C	-0.872365395647
YBR234C	-0.872207186917
YIL034C	-0.871283221881
YHR018C	-0.867727335326
YER105C	-0.867115660682
YGR135W	-0.862207609982
YPR028W	-0.86111930986
YKL157W	-0.859911470092
YBL041W	-0.859298207896
YOR089C	-0.859173820101
YLR056W	-0.858095801643
YML069W	-0.85283895279
YML105C	-0.850357570007
YOR285W	-0.850104388802
YDL086W	-0.846474832524
YGR229C	-0.839018307609
YPR024W	-0.838304121195
YKL094W	-0.837805279191
YIL039W	-0.833481186102
YLR248W	-0.832405349682
YLR109W	-0.832157178577
YJR117W	-0.831113016135
YBR130C	-0.830844977401
YER122C	-0.818909108815
YNL044W	-0.818182604338
YOR253W	-0.816517920036
YOR057W	-0.814706011139
YPR183W	-0.813681761613
YPR154W	-0.812836918693
YKL035W	-0.812236793283
YHR143W-A	-0.810639410595
YLR250W	-0.806418771391
YLR300W	-0.805445229846
YDL188C	-0.801991476465
YMR296C	-0.799193977839
YDL029W	-0.797057812637
YOR332W	-0.794418377012
YCR002C	-0.792567439819
YMR074C	-0.790920064962
YBL003C;YDR225W	-0.788459726853
YJR060W	-0.788407837075
YMR173W	-0.785014814138
YHR015W	-0.781323945167
YNR050C	-0.779481090083
YDR500C	-0.777314825125
YOR014W	-0.776716139893
YMR146C	-0.774943719733
YMR226C	-0.77323032678
YPL273W	-0.771828523156
YHR107C	-0.767402260885
YDL082W	-0.763839050559
YJL110C	-0.760872753259
YDL064W	-0.760389556885
YER177W	-0.76011662895
YJR144W	-0.757287607138
YOR052C	-0.750547554206
YKL009W	-0.746806087963
YHR063C	-0.745051947967
YMR058W	-0.741289110607
YGL099W	-0.740480234157
YLR398C	-0.737211665628
YOR326W	-0.734134602551
YBR092C	-0.729255057798
YGR279C	-0.727464739052
YCR084C	-0.726970422047
YCL059C	-0.726694891861
YDR148C	-0.724369074436
YBL032W	-0.722633347556
YOL005C	-0.721748679895
YPR165W	-0.718780011923
YDL226C	-0.716336070203
YLR335W	-0.716086731739
YOR042W	-0.715711986178
YDL147W	-0.713365895431
YHR065C	-0.710143880626
YIL094C	-0.709875781157
YPL184C	-0.709774660039
YOL111C	-0.705500257701
YFR051C	-0.70366783191
YDR007W	-0.702044830887
YNL084C	-0.701763414408
YPL127C	-0.701073816692
YJR148W	-0.698329208461
YPR181C	-0.696573779209
YDR299W	-0.696527228482
YCR004C	-0.696509357235
YOR239W	-0.694643526428
YAL023C	-0.692863358958
YGL173C	-0.690890784748
YNL014W	-0.688456338448
YJR017C	-0.687982441825
YGL252C	-0.687600119769
YJL179W	-0.687414782376
YML035C	-0.685178210867
YNL208W	-0.684284697606
YGL137W	-0.681373298756
YOR259C	-0.675902887095
YKL129C	-0.673800262726
YMR315W	-0.673142790589
YML074C	-0.672998262667
YIL026C	-0.672350106374
YBL047C	-0.667339374405
YHR170W	-0.66584800709
YPR052C	-0.662786413678
YOR232W	-0.662284462638
YLR043C	-0.662130917749
YMR203W	-0.659300523332
YBL058W	-0.656636089899
YBR106W	-0.655621191334
YDR372C	-0.655439848322
YDL103C	-0.654076617456
YML070W	-0.653557396207
YIR006C	-0.651058193642
YAL053W	-0.64760023707
YIL033C	-0.646027152329
YDR516C	-0.642595671559
YMR260C	-0.638057312541
YPL061W	-0.634191543697
YPL257W-A;YLR157C-A;YER137C-A;YDR365W-A	-0.633021993026
YOR251C	-0.631869165459
YBL104C	-0.630481703182
YPL063W	-0.628123062956
YOR197W	-0.626147200444
YOR061W	-0.621467313497
YNL232W	-0.618178972346
YIR001C	-0.615870435614
YOR340C	-0.615522926517
YFL018C	-0.608823830283
YBL022C	-0.608776774351
YER070W;YIL066C	-0.606421013578
YML017W	-0.605650198816
YML093W	-0.605012339696
YMR131C	-0.602356974353
YBR049C	-0.601709638212
YDR174W	-0.599704567162
YLR380W	-0.598024538524
YIL048W	-0.595850905425
YLR356W	-0.594902061507
YJL167W	-0.592735220568
YJL026W	-0.587122192978
YEL047C	-0.583695290844
YGR178C	-0.583075704001
YER030W	-0.582069333163
YDR062W	-0.581697841481
YHR113W	-0.58118369215
YPR129W	-0.580627915098
YBR218C	-0.577668886599
YOR175C	-0.577221896857
YER034W	-0.575174622309
YDR348C	-0.570564067782
YDL099W	-0.568283674685
YIR036C	-0.567446516475
YPR159W	-0.566426659719
YGR254W	-0.565570539108
YHR081W	-0.565117537521
YGR019W	-0.563117583991
YER080W	-0.561752041967
YDR345C	-0.558312017799
YMR300C	-0.557800428118
YMR230W	-0.556495725577
YJR076C	-0.545871688971
YNL154C	-0.545773082902
YPL210C	-0.545468283831
YBR162C	-0.544811359388
YML086C	-0.544746204083
YOR298C-A	-0.542898919004
YNL121C	-0.542016787845
YMR080C	-0.538841628576
YDR388W	-0.536437964682
YKR057W	-0.535014509086
YLR200W	-0.534064644811
YJL020C	-0.53377579443
YLR397C	-0.532625139054
YNL050C	-0.531006270309
YOR362C	-0.530817323762
YDR044W	-0.530142021678
YDR177W	-0.528620473338
YGL167C	-0.527000739117
YBL064C	-0.525830984902
YMR072W	-0.520962736193
YPR133W-A	-0.520074172441
YER052C	-0.517897499458
YFL045C	-0.516678775441
YHR039C-A	-0.513729313921
YBR059C	-0.511009785939
YJR065C	-0.510810776949
YBR086C	-0.510499383779
YGR077C	-0.507456227678
YMR307W	-0.505391542781
YJR103W	-0.504817295138
YOR224C	-0.502988548865
YHR148W	-0.502500527835
YPL217C	-0.500658522789
YMR220W	-0.499364287658
YJL055W	-0.499167728627
YJL186W	-0.498441368511
YGL020C	-0.492639335329
YNL059C	-0.492527986408
YEL071W	-0.490588068771
YDR507C	-0.489727524483
YCL011C	-0.48907721352
YPR043W;YJR094W-A	-0.485733544503
YJL140W	-0.485325410006
YKL117W	-0.485275583833
YDL066W	-0.482349232844
YBR273C	-0.482288124112
YNL134C;YCR102C;YLR460C	-0.478943545174
YOR128C	-0.477848090028
YMR099C	-0.477631827867
YBR035C	-0.476766803288
YOR188W	-0.47657693236
YCR088W	-0.4764785324
YKL193C	-0.475994130468
YLR025W	-0.474748413534
YJL109C	-0.47273218434
YHR133C	-0.472646109253
YOR021C	-0.47249990952
YBR073W	-0.471718087271
YNL241C	-0.470613640761
YML004C	-0.467709089242
YDR486C	-0.466837853523
YDR432W	-0.463586658674
YMR120C	-0.462853515193
YKL142W	-0.460708058165
YBL051C	-0.460058420002
YPL204W	-0.458333984162
YDR012W	-0.456842769867
YLR229C	-0.455971797857
YIR003W	-0.455627440825
YDL168W	-0.455416526985
YIL075C	-0.452547688396
YML001W	-0.448631027164
YBR263W	-0.445822490125
YFR050C	-0.442202741247
YPL260W	-0.437855335694
YOR157C	-0.437830446037
YBR252W	-0.435719124841
YBR078W	-0.434858664077
YDR071C	-0.433978037779
YGR245C	-0.433851539929
YBR034C	-0.433763699157
YJR104C	-0.433740501756
YDR150W	-0.433691941203
YPL091W	-0.433055935556
YDL201W	-0.432832228416
YJL121C	-0.43164771277
YDR485C	-0.430130358417
YLR008C	-0.429757638166
YNL031C;YBR010W	-0.429698202265
YOR091W	-0.429409519993
YNL287W	-0.428466599209
YJL200C	-0.426503017686
YHR135C	-0.425895602548
YER003C	-0.425281208582
YNL160W	-0.409492587955
YBR244W	-0.408471555503
YDL137W	-0.407070923595
YNL079C	-0.405764329655
YNL243W	-0.404965612911
YBR080C	-0.403233762117
YKL181W	-0.402081685438
YMR276W	-0.401667382789
YMR136W	-0.400571706491
YGL157W	-0.399985975559
YML126C	-0.399922739766
YOR184W	-0.398451485455
YOR039W	-0.396007606827
YJR045C;YEL030W	-0.3955836584
YML130C	-0.392080905582
YOR336W	-0.391640216018
YGL206C	-0.389830171444
YMR241W	-0.389115202631
YNL067W	-0.385335528092
YNL155W	-0.383144020567
YNL030W;YBR009C	-0.379180757313
YPL117C	-0.378403071587
YCL037C	-0.378263545346
YOR123C	-0.37673501188
YDR190C	-0.376168054621
YDR033W	-0.374546238555
YAL044C	-0.369439386176
YIL052C;YER056C-A	-0.369270874598
YHR200W	-0.368040046447
YML078W	-0.366316441555
YCR053W	-0.364370415544
YLR024C	-0.363963193584
YML085C	-0.363205534397
YLR231C	-0.362871939227
YDL145C	-0.361524180206
YFL022C	-0.358700584886
YEL026W	-0.356722259433
YGL087C	-0.353252888705
YML063W	-0.351869413562
YDL192W	-0.348236807294
YJL041W	-0.347792469802
YCL045C	-0.34733186916
YBR245C	-0.346082209803
YNR035C	-0.343771404243
YPL207W	-0.343544107985
YOL038W	-0.34134697906
YLR359W	-0.341279310511
YOR204W;YPL119C	-0.341197357063
YPR088C	-0.340987620492
YGR284C	-0.339694187123
YFL037W	-0.339476637627
YDR011W	-0.3381415942
YLR333C;YGR027C	-0.337085740467
YHR193C	-0.336056961275
YOR209C	-0.335148191313
YOR020C	-0.33441969569
YNL168C	-0.334141224353
YKL210W	-0.333562284156
YOR323C	-0.33313691188
YOR198C	-0.327474190291
YOL041C	-0.326446028952
YBR215W	-0.326058480932
YIL063C	-0.324836112523
YIL041W	-0.324616237921
YKR071C	-0.324171472091
YLL050C	-0.323584479676
YER083C	-0.322378186054
YGR009C	-0.320820622716
YIL118W	-0.320356931597
YJR093C	-0.317150530527
YPL090C;YBR181C	-0.316847373564
YLR083C	-0.316564960858
YER049W	-0.315374548381
YGR277C	-0.313624251777
YGL008C;YPL036W	-0.312288598909
YMR308C	-0.312137543526
YDR508C	-0.310944653121
YKL184W	-0.310302072164
YML010W	-0.310198630074
YPR148C	-0.309733170536
YNL138W	-0.30908726746
YOR096W	-0.302246954367
YBR127C	-0.300992875219
YDR483W	-0.300221335447
YDL185W;CON__P34955	-0.295119598096
YOR176W	-0.294796496725
YFL039C	-0.294693338722
YOR270C	-0.293825459198
YMR202W	-0.292004021187
YLR075W	-0.291736508667
YKL080W	-0.291367734384
YMR143W;YDL083C	-0.291232511099
YER091C	-0.290998135624
YDR496C	-0.287930464624
YLR044C;YLR134W;YGR087C;YDL080C	-0.28776555704
YLR301W	-0.287280399849
YML124C	-0.283992932695
YDL121C	-0.282998948225
YER157W	-0.282654485906
YIL062C	-0.281164961009
YLR172C	-0.278865800887
YNL271C	-0.278225310339
YAL036C	-0.276695388565
YEL058W	-0.276569118483
YNL220W	-0.275412652954
YGL207W	-0.274375462615
YJL128C	-0.272701178282
YBR109C	-0.271419498578
YIL069C;YER074W	-0.269489984589
YMR083W	-0.268474287571
YBL017C	-0.267485652876
YDL092W	-0.26747200211
YDR099W	-0.261315937666
YER082C	-0.261265548377
YGL123W	-0.259668697157
YOR115C	-0.258408722882
YMR092C	-0.258250682981
YGL031C	-0.257916687878
YBR011C	-0.257832516543
YDR341C	-0.25539502502
YDR138W	-0.252210205332
YDL055C	-0.251897047902
YER133W	-0.251043213458
YNL135C	-0.250867608631
YNL162W;YHR141C	-0.249436805502
YOL121C;REV__YOR335C	-0.247897815568
YIL138C	-0.244279585874
YHR089C	-0.24407049943
YKL112W	-0.24376972978
YBL050W	-0.241802986018
YJR051W	-0.240595767806
YGL092W	-0.239301158486
YOR117W	-0.239127019492
YNL069C	-0.237670748751
YIR037W	-0.235350163644
YDR394W	-0.235253263159
YPR036W	-0.234079631925
YGR285C	-0.229993311976
YDR390C	-0.229384599225
YJR105W	-0.223344960562
YGR061C	-0.222504660006
YDR411C	-0.221770252689
YMR194W	-0.220872959583
YGL026C	-0.218468726683
YDR233C	-0.216929151874
YNR016C;YMR207C	-0.216661968198
YJR088C	-0.21364996332
YHL015W	-0.211745818084
YJR069C	-0.211736544874
YDR226W	-0.209767700394
YEL051W	-0.208716326201
YJL136C	-0.206578886218
YMR045C;YMR046C	-0.20614524031
YGR210C	-0.201749037461
YLR347C	-0.201622201825
YOL109W	-0.201126546745
YLR150W	-0.200241317962
YER117W;YBL087C	-0.198462505779
YLR196W	-0.197304759374
YHR009C	-0.195431791763
YER136W	-0.192980065234
YOR361C	-0.192177061531
YDL007W	-0.191239721588
YER178W	-0.191189919093
YLL018C	-0.190713956585
YPR041W	-0.190049625312
YOR375C;YAL062W	-0.189870742967
YAL005C;REV__YPL217C	-0.188627305948
YGR034W	-0.187680261167
YER155C	-0.187671576233
YDL075W	-0.186125357168
YER138C	-0.185241848657
YDR321W	-0.18496974252
YEL007W	-0.180040799672
YCR077C	-0.179845467446
YDL160C	-0.178022482352
YKL196C	-0.177851237085
YPR073C	-0.176164190924
YEL046C	-0.17134327152
YPR108W	-0.170390827959
YML094W	-0.16898463896
YHR019C	-0.168906994204
YJR143C	-0.168388385958
YGR214W	-0.167489665913
YHR072W-A	-0.165526416504
YFR009W	-0.165470251955
YOR215C	-0.164902103236
YGR094W	-0.164022562234
YER089C	-0.16223979421
YFR001W	-0.161472112586
YBR088C	-0.160535810273
YPL146C	-0.156994361688
YKL186C	-0.156835487121
YER120W	-0.156670272308
YLR351C	-0.156123529318
YGL147C	-0.154844417976
YDR064W	-0.153820087624
YDR363W-A	-0.153249472173
YOL040C	-0.151444871938
YDL140C	-0.151045047369
YFL005W	-0.147844668846
YIR012W	-0.147835725349
YKL152C	-0.14547796457
YGR167W	-0.144616366106
YGL030W	-0.144372425422
YGL244W	-0.144359887351
YBR154C	-0.142150610864
YBR029C	-0.141648696718
YNL239W	-0.141049070177
YGR157W	-0.140783419753
YGR145W	-0.138594959952
YJR145C;YHR203C	-0.138370272408
YBR261C	-0.135864446811
YPL226W	-0.13490322016
YBR189W	-0.133972635747
YPL263C	-0.133389724595
YHL013C	-0.132402658503
YLR029C;YMR121C	-0.13063523033
YGR155W	-0.127799784703
YNL075W	-0.126392114546
YEL002C	-0.125156782006
YCL054W	-0.122267156162
YJR133W	-0.121419994518
YDR023W	-0.120737914068
YEL020W-A	-0.120601126133
YGL202W	-0.120504540826
YDR025W;YBR048W	-0.118091282498
YDL173W	-0.117363173477
YLR058C	-0.116669893406
YBR286W	-0.114926298226
YLR126C	-0.113960821833
YJL173C	-0.110802463328
YPR010C	-0.110206417224
YDR129C	-0.108744800603
YAL003W	-0.105598588469
YPL145C	-0.104315304134
YHR104W	-0.103896967306
YLR153C	-0.102762660816
YLR344W	-0.100801278584
YPL232W	-0.0966846188617
YLR259C	-0.096285736249
YML101C	-0.0962195430798
YOR045W	-0.0948210879651
YML024W;YDR447C	-0.0910053156559
YFR032C-A	-0.0902155438683
YPR074C	-0.0894959223744
YFR044C	-0.0839277415137
YLL034C	-0.0830071492485
YHR098C	-0.0790473322754
YGL105W	-0.0775055302021
YDR304C	-0.076202786889
YLR223C	-0.0761700904703
YOR095C	-0.0753321029979
YHL001W	-0.0746113724839
YNL007C	-0.0742986473894
YLR342W	-0.0740238774105
YNL255C	-0.0736483266643
YDR224C	-0.0732747708602
YLR441C	-0.0726383302129
YCR028C-A	-0.0723540469141
YER086W	-0.0707893433519
YLL023C	-0.0703171144645
YEL054C;YDR418W	-0.0694647789368
YKL212W	-0.0693271705714
YCR012W	-0.0676632947762
YNL010W	-0.0653618295153
YOR335C	-0.0652902041043
YJL165C	-0.0645235872995
YKL180W	-0.0627619254598
YOL120C;YNL301C	-0.0612441898973
YJR007W	-0.0600519431774
YML008C	-0.0596293522097
YNR043W	-0.058904735499
YJL080C	-0.0578625216007
YBR079C	-0.0572477497883
YHR001W	-0.0567284862438
YDR525W-A	-0.0536362225927
YDR353W;YHR106W	-0.0526119423127
YNL016W	-0.0517893730452
YDR091C	-0.0516141812426
YEL037C	-0.0500588805334
YDL171C	-0.049832233691
YER165W	-0.0496949288571
YDL126C	-0.0496488827218
YPL218W	-0.0467021922433
YGL195W	-0.046251341011
YDR155C	-0.0460824158275
YIL109C	-0.0458225276803
YDR429C	-0.0453118159747
YDR454C	-0.0442523195982
YHR094C	-0.0427546473154
YJL034W	-0.0424897268766
YKL104C	-0.0421343879724
YMR235C	-0.0414037955192
YPL199C	-0.0410952419277
YPL225W	-0.0400881174853
YGR180C	-0.0383558024377
YLR167W;YLL039C	-0.0382312824654
YPL231W	-0.0374685899969
YKR059W;YJL138C	-0.036902528444
YHL034C	-0.0358137993225
YDR381W	-0.032541441175
YBL024W	-0.0314289962887
YJR070C	-0.0300985437173
YBR098W	-0.0299487457048
YNL009W;YLR174W	-0.0286176455187
YNL209W	-0.0271239397321
YML106W	-0.0264668104963
YLR262C-A	-0.0239771478666
YPR132W;YGR118W	-0.0238250707833
YGL076C	-0.0228081203653
YHL033C	-0.0213340929091
YDR127W	-0.0196610973138
YJR029W	-0.0193921347569
YPR133C	-0.0192996702313
YBR101C	-0.0192217069466
YDL134C	-0.0192174947094
YPR080W;YBR118W	-0.0180216199254
YCL043C	-0.0165928846482
YAL035W	-0.0158377725119
YGL189C	-0.0155380581046
YDR518W	-0.014109771423
YER043C	-0.0135512684045
YNL247W	-0.0134293969942
YBR121C	-0.0133542399458
YML125C	-0.0130240885695
YOR271C	-0.0129201905417
YGR103W	-0.0123679585202
YDR487C	-0.0122518183564
YNL166C	-0.0116553726005
YMR011W	-0.0114144561287
YOL142W	-0.00969999241109
YLR354C	-0.00800728181255
YGR253C	-0.00754618340524
YMR142C	-0.00676065166858
YLR325C	-0.00605335502576
YOR369C	-0.00590048210015
YHR108W	-0.00562518593709
YER063W	-0.00485144155447
YOR261C	-0.00390836167245
YKR081C	-0.00330038940811
YKR001C	-0.00165912435923
YKL069W	0.000149103625731
YBR025C	0.000519303481841
YKL054C	0.00274724626999
YMR039C	0.00795708314207
YDL195W	0.00967333173119
YPL249C-A	0.0131035983678
YMR079W;YKL091C	0.0133841501363
YFR010W	0.0145472971338
YDL135C	0.0153351125925
YHR049W	0.0155572040929
YDR172W	0.0189957048761
YML073C	0.0192343095834
YLR421C	0.0215994418336
YJR014W	0.0218472536666
YGL245W	0.0230401675797
YLR388W	0.025421450353
YGL106W	0.0269979258189
YGL011C	0.0275946435536
YNL113W	0.0279180521542
YNL281W	0.0288695969149
YDR050C	0.0301703866225
YPR062W	0.0303332320883
YER023W	0.0307598023734
YPL178W	0.0330198887971
YER102W;YBL072C	0.0340259525132
YNL308C	0.0355873069843
YMR125W	0.036437340448
YPL093W	0.0376860588482
YMR197C	0.0395491203829
YLR017W	0.0407631734262
YNL244C	0.0416471893418
YDR293C	0.0421423609632
YOL059W	0.0423516534853
YJL033W	0.0426163732093
YLR022C	0.0434721313711
YHR021C	0.0435850775615
YOR341W	0.0439070792435
YLR432W;YHR216W;YAR075W;YAR073W	0.0444849574868
YKL182W	0.0456849128461
YDR382W	0.0461705528657
YPL009C	0.046856031532
YOR051C	0.0476267470868
YKR074W	0.0487132590625
YJR139C	0.0506469604819
YHR066W	0.0530515635177
YPL220W;YGL135W	0.0532706965545
YMR108W	0.0544319663241
YLR027C	0.0554688691629
YHR208W	0.0562153372595
YPL190C	0.0565752923484
YKL172W	0.0579398528113
YPL111W	0.058407466892
YHR146W	0.0604455287383
YLR438W	0.0605673111229
YJL012C	0.0610876291889
YIL027C	0.0615284634037
YKL122C	0.0635234465074
YLR180W	0.0643173393386
YEL031W	0.0649693205319
YBR191W	0.0655691459501
YDR098C;YER174C	0.0672687163854
YNL112W	0.0673898646637
YHR074W	0.0679991470391
YBR084C-A;YBL027W	0.0680472177751
YBL091C	0.0701347972402
YBR084W	0.0702319270782
YER090W	0.0703108707085
YOR007C	0.0723021610694
YKR043C	0.0773404842418
YNL298W	0.0795920524707
YPR069C	0.0805982872669
YPR033C	0.0808700557979
YPL262W	0.0810616431638
YNL175C	0.0828354680683
YPL237W	0.084004780844
YKR062W	0.0890834370656
YAL038W;YOR347C	0.0915392256545
YDL131W	0.0952978434158
YLR179C	0.0956128727959
YDL125C	0.0966070857468
YDL182W	0.0980302317546
YDR068W	0.098963140716
YLR208W	0.0992689634716
YDL084W	0.0994789847093
YPL243W	0.101157085282
YJL050W	0.102881795665
YJL130C	0.103336926117
YER019C-A	0.10429886897
YLR249W	0.105721263362
YCR020W-B	0.107896551959
YPR158C-D	0.110086677239
YPL048W	0.111693959555
YIR034C	0.112496071018
YHR025W	0.112623462916
YJL008C	0.112780109904
YDL095W	0.11482833934
YOR167C	0.117610676712
YER073W	0.118462476753
YER036C	0.118750563384
YGR162W	0.11958250013
YDL097C	0.12050623489
YHR068W	0.121529785925
YML026C;YDR450W	0.122375837057
YOR046C	0.12357582235
YPR163C	0.12420133997
YGR209C	0.124502547585
YGL232W	0.124586572876
YGR185C	0.126836514913
YKR018C	0.12735100293
YGL009C	0.128088863524
YCR072C	0.128660961842
YDL143W	0.129605202214
YOR168W	0.13176287962
YDR399W	0.13295962015
YOR027W	0.134793729029
YOR283W	0.135176401022
YDR502C	0.135288814308
YBL076C	0.136887317672
YLR118C	0.138003694843
YHR042W	0.138080513632
YIL142W	0.138208163102
YGR090W	0.139176712227
YGR204W	0.139241335844
YLR355C	0.139409439703
YDR125C	0.140480552288
YKL192C	0.140621047046
YLR340W	0.140728663094
YIL018W;YFR031C-A	0.140760642625
YJR016C	0.141411562186
YJR109C	0.143200426083
YNL106C	0.146300566292
YMR062C	0.146902501084
YJR063W	0.147764536654
YGR237C	0.148153832306
YGL061C	0.149346314611
YHR010W;YDR471W	0.149386123548
YLR276C	0.151079516338
YDR086C	0.151939840674
YJL014W	0.152886665806
YOL097C	0.153551884538
YDR035W	0.153898366505
YDR168W	0.154106201432
YLR175W	0.154325740932
YPL271W	0.158592481744
YHL011C	0.159780123482
YIL078W	0.160299539298
YOR210W	0.162630513274
YDR238C	0.166575879195
YCL030C	0.168664086401
YBL092W	0.170088839062
YBR031W	0.173989810515
YDL058W	0.174519848782
YNL153C	0.175418361733
YBR196C	0.176427518717
YLR293C;YOR185C	0.177752876861
YKL175W	0.179903999492
YJL069C	0.181092395073
YGL048C	0.182136684813
YMR012W	0.182252195206
YGL253W	0.182446036684
YIL115C	0.184154766861
YIL043C	0.186407875667
YHR027C	0.18669664041
YAL012W	0.187226865475
YJR062C	0.187723840469
YER006W	0.188844206053
YPR112C	0.189607928702
YLR275W	0.190677437016
YPL106C	0.192132250593
YCL028W	0.192196532615
YLR185W	0.193037515849
YDL014W	0.19310814452
YDL052C	0.193790720317
YGR020C	0.194765333623
YKR014C	0.194796381882
YDL229W	0.195347187905
YBR117C	0.195703848583
YFL010C	0.198850819174
YAR002C-A	0.198988994653
YGR119C	0.199397048767
YPL012W	0.201502845399
YPL160W	0.20250980966
YCL009C	0.202563186414
YGR175C	0.207752640797
YDR037W	0.208861405057
YBL036C	0.210619140035
YIL051C	0.211348232974
YHR029C	0.21587917551
YOR276W	0.216814377693
YGR211W	0.217786073251
YMR186W	0.218414301582
YHR128W	0.218491140516
YKL073W	0.219499103702
YER094C	0.219846645471
YLL045C	0.222938170229
YDR002W	0.224014369935
YJL001W	0.225360320957
YDL130W	0.225548459299
YPL143W	0.226262322076
YHL003C	0.228449927274
YPL081W	0.229270936688
YPL028W	0.231437923495
YNR046W	0.233412729108
YHR039C	0.233742023178
YMR229C	0.233767244742
YAR015W	0.234058712809
YJL177W	0.234732370543
YBR249C	0.235751138298
YGR054W	0.235828442893
YKL038W	0.236309120144
YPR102C;YGR085C	0.23649181067
YMR318C	0.240619102582
YHR174W	0.240842495056
YMR153W	0.241885285561
YLR448W	0.242054245218
YLR060W	0.242527932518
YDL051W	0.242739097661
YGR192C	0.24811091275
YOL127W	0.249903676889
YDR188W	0.250535585646
YLR367W;YJL190C	0.251809281261
YER012W	0.25467769286
YGL078C	0.255634659656
YOR065W	0.25617445015
YEL034W;YJR047C	0.256255638836
YAL042W	0.2572860715
YGL103W	0.259143287825
YHR064C	0.260313921929
YDL040C	0.260809377853
YJR135W-A	0.261521449405
YNL131W	0.262227905911
YBR283C	0.263045265193
YOL139C	0.265176217011
YER092W	0.269452958648
YOR265W	0.270080243488
YHR183W;YGR256W	0.272379358283
YKL191W	0.273488613915
YDR519W	0.273715586805
YFR016C	0.27676042407
YKL060C	0.278991858628
YPL131W	0.279130520937
YLR244C	0.279678861229
YER025W	0.281142169442
YNL096C	0.286917999767
YHR020W	0.28745865755
YDR158W	0.289975367379
YPR110C	0.292863828055
YPR137C-A;YDR261C-C;YAR010C	0.294921935995
YER055C	0.29700432318
YDR365C	0.297782747914
YDR101C	0.299629842216
YKL006W	0.303399661449
YOR103C	0.303904434613
YLR061W	0.305963503735
YOR133W;YDR385W	0.306294443385
YGL120C;YNR011C	0.30699266184
YGR124W	0.308881428479
YJL148W	0.309502392813
YPL235W	0.309993754105
YGL148W	0.313284283801
YPL240C	0.313728081659
YOR254C	0.313833822334
YMR217W	0.315012144558
YMR038C	0.317307451664
YOR063W	0.319119375389
YLR048W	0.321200144622
YLR256W	0.32626047851
YNL110C	0.332162752521
YEL021W	0.332729103341
YGL234W	0.336581647364
YOL123W	0.338021755271
YGR240C	0.33941665001
YPR060C	0.341049395785
YMR070W	0.341662598163
YLR216C	0.341835231167
YDR167W	0.352527590519
YGL001C	0.356674603995
YPL211W	0.363609052602
YGL070C	0.363714966635
YKL127W	0.367566504719
YOR312C;YMR242C	0.369769873428
YDR120C	0.370048144809
YLR197W	0.371809861423
YNL216W	0.375720819972
YOL143C	0.376090566233
YOL077C	0.376369412373
YDL208W	0.382773486015
YHR088W	0.383379569152
YPR118W	0.385667268359
YLR328W	0.390887464714
YNL178W	0.391622561161
YDR346C	0.393319562718
YLR384C	0.395490079262
YER110C	0.396695163916
YBR248C	0.396730044539
YJL191W	0.397031787533
YKL077W	0.401139651621
YJL011C	0.402727952023
YMR093W	0.410274844787
YBR143C	0.412729522436
YGR134W	0.414257954483
YFR004W	0.417265790954
YDR156W	0.417744763974
YKL008C	0.418161043176
YDR214W	0.418165120794
YJR075W	0.420624168775
YFL004W	0.425831326923
YMR246W	0.430147046735
YIL133C	0.431505061806
YGR136W	0.435894050587
YLR287C	0.436785914698
YDR422C	0.439747283922
YHR007C	0.44074821038
YGL043W	0.441292656469
YKL081W	0.442667595459
YDR232W	0.443860053287
YPL037C	0.445335027395
YOR145C	0.445965832985
YJR009C	0.446971597743
YDR378C	0.448896730651
YMR261C	0.451823596154
YFR024C-A	0.454181580822
YDL148C	0.458759299549
YLL024C	0.458836384288
YDR361C	0.462118834584
YOL039W	0.463369595539
YKL021C	0.46349528783
YEL040W	0.468440084222
YJR002W	0.469264858914
YOR262W	0.471233676689
YMR290C	0.474198083976
YGR218W	0.475211565801
YPL212C	0.475794212714
YHR179W;YPL171C	0.47611477409
YJR064W	0.483754441539
YOR272W	0.489301597743
YGR264C	0.491380837078
YBR097W	0.491711106593
YFL016C	0.495466840408
YML056C	0.496234659724
YDR300C	0.498632794417
YMR049C	0.501015293295
YNL061W	0.503438847507
YER057C	0.507691158012
YDR165W	0.508161441256
YKR080W	0.509087143661
YHR047C	0.513023563133
YDL191W;YDL136W	0.521832538152
YDR212W	0.525585999681
YKL056C	0.526196437196
YPR035W	0.527370912136
YNR053C;REV__YNL216W	0.531654870312
YER069W	0.539170462365
YCL050C	0.543351914753
YMR314W	0.543731222965
YOL086C;YMR303C	0.549877383599
YLR055C	0.549988264687
YOR293W	0.552510814288
YOL061W	0.553087030413
YCR073W-A	0.554573495437
YDR395W	0.557546251209
YBR221C	0.558056614566
YER088C	0.559432735193
YDR510W	0.559959941892
YMR178W	0.569750543397
YER074W-A	0.57169571016
YBL039C	0.572201430474
YLR452C	0.57323055039
YFR052W	0.573985345545
YML012W	0.587189932104
YNL186W	0.593607574913
YHL007C	0.596500288919
YMR116C	0.599401539138
YGR037C	0.602435823947
YMR205C	0.614189510648
YNL248C	0.615131766118
YIL053W	0.616460280135
YDL223C	0.623041104549
YHR164C	0.62420275715
YML028W	0.630214604991
YLL040C	0.642161294384
YER002W	0.663148116171
YIL149C	0.67169795371
YNL064C	0.674026881126
YNR054C	0.674841891675
YDL116W	0.678136556319
YKL033W-A	0.681678578838
YNL039W	0.686607380538
YLL029W	0.689505088517
YLL048C	0.690341114936
YEL042W	0.69128490401
YJL189W	0.70109696907
YDR211W	0.702992882915
YPL239W	0.7138929301
YOL057W	0.725358497168
YOR310C	0.734555842201
YNL312W	0.736677683904
YJL111W	0.740578602026
YMR091C	0.748719466455
YKL023W	0.753119953705
YKL211C	0.76996243549
YML048W	0.779281284549
YEL003W	0.782288909383
YBR111C	0.7839222267
YDR477W	0.786987020918
YGR159C	0.809666319373
YOR260W	0.809944170547
YMR169C;YMR170C	0.810149787957
YOL021C	0.816421902463
YDR406W	0.823046716953
YGR234W	0.823237779191
YOR151C	0.829173193513
YHR197W	0.837144176506
YGL055W	0.843695990111
YPR145W	0.856102820727
YLR413W	0.857449605895
YKL121W	0.887643676858
YOR206W	0.890741677052
YPR158W-B;YML045W;YDR316W-B	0.898744687508
YER156C	0.907864032867
YOL022C	0.928470700553
YLR372W	0.932598159188
YLL008W	0.941765287929
YNL307C	0.946622106498
YGR148C	0.953159392541
YDR234W	0.963577492983
YNR018W	0.965856138333
YNL141W	0.970520450345
YCL019W	0.977514278972
YOL064C	0.979485992023
YKL029C	0.996314687908
YOL154W	0.998741061771
YGL097W	1.02287176206
YDR189W	1.04434562688
YDL153C	1.04516797401
YOR222W	1.0462119823
YNL026W	1.07312889742
YMR109W	1.07490256359
YER007C-A	1.08073563054
YCL031C	1.11496378718
YFR006W	1.13381898263
YNL087W	1.13752441997
YMR243C	1.13877275734
YDR170C	1.14074038299
YHR190W	1.15062043762
YLR003C	1.19378071318
YGL256W	1.21229644988
YIL021W	1.23750178639
YGR271C-A	1.27317668814
YPR161C	1.33825939454
YKR048C	1.35267268407
YKL145W	1.35965929805
YPR016C	1.36913233594
YGL255W	1.37053398135
YDR092W	1.41812311876
YLR237W	1.42766579255
YMR305C	1.43075882292
YPL043W	1.4977129529
YLR449W	1.54135681936
YPL079W	1.60807754117
YDR141C	1.67198507007
YKR095W;YDL209C	1.68933717632
YOR243C	1.76935123603
YOR207C	1.80736479886
YLL021W	1.84437056382
YMR086W	1.9006395104
YOR078W	1.95735833794
YLR195C	1.98380521627
YNL207W	2.03678792135
YIL116W	2.06480916286
YOL031C	2.06737624093
YML123C	2.12745723319
YDR060W	2.15362399837
YDR326C	2.38032437829
YNL085W	2.38135509463
YLR447C	2.45165969012
YCL064C	2.65323301884
YOR227W	2.65666351031
YKR084C	2.68389225639
YGR200C	2.78985381459
YGR173W	2.85264016244
YKL128C	2.85995357758
YPL086C	3.01129431692
YJL122W	3.02679766761
YDR296W	3.17887241208
YNL183C	3.53698933138
YDL031W	3.73736670305
YNL147W	3.80629430652
YJL005W	4.4113238375
YBR056W	5.01293210319
YIL022W	5.7071416551
